<?xml version="1.0"?>
<?xml-stylesheet type="text/xsl" href="configuration.xsl"?>
<configuration>
  <!-- 开启RM高可靠 -->
  <property>
    <name>yarn.resourcemanager.ha.enabled</name>
    <value>true</value>
  </property>
  <!-- 指定RM的cluster id -->
  <property>
    <name>yarn.resourcemanager.cluster-id</name>
    <value>RM_HA_ID</value>
  </property>
  <!-- 指定RM的名字 -->
  <property>
    <name>yarn.resourcemanager.ha.rm-ids</name>
    <value>rm0,rm1</value>
  </property>
  <!-- 指定RM的地址 -->
  <property>
    <name>yarn.resourcemanager.hostname.rm0</name>
    <value>RESOURCE_MANAGER_HOST_0</value>
  </property>
  <property>
    <name>yarn.resourcemanager.hostname.rm1</name>
    <value>RESOURCE_MANAGER_HOST_1</value>
  </property>
  <property>
    <name>yarn.resourcemanager.recovery.enabled</name>
    <value>true</value>
  </property>
  <property>
    <name>yarn.resourcemanager.store.class</name>
    <value>org.apache.hadoop.yarn.server.resourcemanager.recovery.ZKRMStateStore</value>
  </property>
  <!-- 指定zk集群地址 -->
  <property>
    <name>yarn.resourcemanager.zk-address</name>
    <value>ZOOKEEPER_SERVERS</value>
  </property>
  <!-- 指定rm state数据在zk存放的路径 -->
  <property>
    <name>yarn.resourcemanager.zk-state-store.parent-path</name>
    <value>ZK_STATE_STORE_PATH</value>
  </property>	
  <property>
    <name>yarn.nodemanager.aux-services</name>
    <value>mapreduce_shuffle</value>
  </property>
</configuration>
